,name,sex
93,1_001tg.mp4,f
94,1_002tg.mp4,f
95,1_003tg.mp4,f
96,1_004tg.mp4,f
97,1_005tg.mp4,m
98,1_006tg.mp4,f
99,1_008tg.mp4,f
100,1_009tg.mp4,f
101,1_010tg.mp4,f
102,1_011tg.mp4,f
103,1_013tg.mp4,m
104,1_014tg.mp4,f
105,1_015tg.mp4,f
106,1_016tg.mp4,f
107,1_017tg.mp4,f
108,1_018tg.mp4,f
109,1_019tg.mp4,f
110,1_021tg.mp4,f
111,1_022tg.mp4,f
112,1_023tg.mp4,f
113,1_024tg.mp4,f
114,1_025tg.mp4,f
115,1_026tg.mp4,m
116,1_027tg.mp4,f
117,1_028tg.mp4,f
118,1_029tg.mp4,m
119,1_030tg.mp4,f
120,1_031tg.mp4,f
121,1_033tg.mp4,f
122,1_034tg.mp4,f
123,1_035tg.mp4,f
0,2_001tg.mp4,f
1,2_002tg.mp4,m
2,2_003tg.mp4,m
3,2_004tg.mp4,f
4,2_006tg.mp4,m
5,2_007tg.mp4,m
6,2_009tg.mp4,m
7,2_010tg.mp4,m
8,2_011tg.mp4,f
9,2_012tg.mp4,m
10,2_014tg.mp4,m
11,2_015tg.mp4,f
12,2_016tg.mp4,f
13,2_018tg.mp4,f
14,2_019tg.mp4,m
15,2_020tg.mp4,f
16,2_021tg.mp4,f
17,2_022tg.mp4,m
18,2_024tg.mp4,f
19,2_026tg.mp4,f
20,2_028tg.mp4,f
21,2_031tg.mp4,f
22,2_034tg.mp4,f
23,2_036tg.mp4,f
24,2_037tg.mp4,f
25,2_038tg.mp4,f
26,2_039tg.mp4,f
27,2_040tg.mp4,m
28,2_041tg.mp4,f
29,2_043tg.mp4,f
30,2_045tg.mp4,f
31,2_046tg.mp4,f
32,2_048tg.mp4,f
33,2_049tg.mp4,f
34,2_050tg.mp4,f
35,2_051tg.mp4,m
36,2_052tg.mp4,f
37,2_053tg.mp4,m
38,2_054tg.mp4,f
39,2_055tg.mp4,m
40,2_056tg.mp4,f
41,2_057tg.mp4,f
42,2_058tg.mp4,f
43,2_059tg.mp4,f
44,2_060tg.mp4,f
45,2_062tg.mp4,f
46,2_063tg.mp4,f
47,2_064tg.mp4,m
48,2_065tg.mp4,f
49,2_066tg.mp4,f
50,2_067tg.mp4,f
51,2_068tg.mp4,f
52,2_069tg.mp4,f
53,2_071tg.mp4,f
54,2_072tg.mp4,f
55,2_075tg.mp4,f
56,2_076tg.mp4,m
57,2_078tg.mp4,f
58,2_079tg.mp4,f
59,2_083tg.mp4,f
60,2_084tg.mp4,m
61,2_086tg.mp4,f
62,2_087tg.mp4,f
63,2_089tg.mp4,f
64,2_091tg.mp4,f
65,2_094tg.mp4,f
66,2_095tg.mp4,f
67,2_100tg.mp4,m
68,2_102tg.mp4,f
69,2_104tg.mp4,f
70,2_108tg.mp4,m
71,2_109tg.mp4,f
72,2_112tg.mp4,m
73,2_113tg.mp4,f
74,2_114tg.mp4,f
75,2_116tg.mp4,f
76,2_117tg.mp4,f
77,2_118tg.mp4,m
78,2_119tg.mp4,f
79,2_120tg.mp4,f
80,2_121tg.mp4,m
81,2_122tg.mp4,m
82,2_124tg.mp4,f
83,2_125tg.mp4,m
84,2_126tg.mp4,m
85,2_127tg.mp4,f
86,2_128tg.mp4,f
87,2_129tg.mp4,m
88,2_131tg.mp4,f
89,2_133tg.mp4,m
90,2_134tg.mp4,m
91,2_135tg.mp4,f
92,2_137tg.mp4,f
